<?xml version="1.0"  encoding="ISO-8859-1"?>
<!DOCTYPE Configure PUBLIC "-//Jetty//Configure//EN" "http://www.eclipse.org/jetty/configure.dtd">

<Configure class="org.eclipse.jetty.webapp.WebAppContext">
  <Set name="contextPath">/</Set>
  <Set name="war"><SystemProperty name="jetty.home" default="."/>/webapps/aqdc.war</Set>
  <Set name="extractWAR">true</Set>
  <Set name="copyWebDir">false</Set>

  <!--Set name="defaultsDescriptor"><SystemProperty name="jetty.home" default="."/>/etc/webdefault.xml</Set-->
  <!--Set name="overrideDescriptor"><SystemProperty name="jetty.home" default="."/>/contexts/test.d/override-web.xml</Set-->

</Configure>
